delete from comments;
delete from issues;
delete from users;

-- users admin 3，helper 7，visitor 38  password:123123qwe
INSERT INTO lcc_issue_tracker.users (user_id, username, password_hash, email, first_name, last_name, location, profile_image, role, status) VALUES (38, 'admin1', '$2b$12$T5RVT3gC6C8YDqjDq3wpFu5Mr7zrcNA9EXFBHg.zQ4I1evqdFj43K', 'admin1@lcc.com', 'John', 'Smith', 'Lincoln', null, 'helper', 'active');
INSERT INTO lcc_issue_tracker.users (user_id, username, password_hash, email, first_name, last_name, location, profile_image, role, status) VALUES (39, 'admin2', '$2b$12$T5RVT3gC6C8YDqjDq3wpFu5Mr7zrcNA9EXFBHg.zQ4I1evqdFj43K', 'admin2@lcc.com', 'Sarah', 'Johnson', 'Lincoln', null, 'admin', 'active');
INSERT INTO lcc_issue_tracker.users (user_id, username, password_hash, email, first_name, last_name, location, profile_image, role, status) VALUES (40, 'helper1', '$2b$12$T5RVT3gC6C8YDqjDq3wpFu5Mr7zrcNA9EXFBHg.zQ4I1evqdFj43K', 'helper1@lcc.com', 'Mike', 'Brown', 'Lincoln', null, 'helper', 'active');
INSERT INTO lcc_issue_tracker.users (user_id, username, password_hash, email, first_name, last_name, location, profile_image, role, status) VALUES (41, 'helper2', '$2b$12$T5RVT3gC6C8YDqjDq3wpFu5Mr7zrcNA9EXFBHg.zQ4I1evqdFj43K', 'helper2@lcc.com', 'Emma', 'Davis', 'Lincoln', null, 'helper', 'active');
INSERT INTO lcc_issue_tracker.users (user_id, username, password_hash, email, first_name, last_name, location, profile_image, role, status) VALUES (42, 'helper3', '$2b$12$T5RVT3gC6C8YDqjDq3wpFu5Mr7zrcNA9EXFBHg.zQ4I1evqdFj43K', 'helper3@lcc.com', 'Tom', 'Wilson', 'Lincoln', null, 'helper', 'active');
INSERT INTO lcc_issue_tracker.users (user_id, username, password_hash, email, first_name, last_name, location, profile_image, role, status) VALUES (43, 'helper4', '$2b$12$T5RVT3gC6C8YDqjDq3wpFu5Mr7zrcNA9EXFBHg.zQ4I1evqdFj43K', 'helper4@lcc.com', 'Lisa', 'Anderson', 'Lincoln', null, 'helper', 'active');
INSERT INTO lcc_issue_tracker.users (user_id, username, password_hash, email, first_name, last_name, location, profile_image, role, status) VALUES (44, 'helper5', '$2b$12$T5RVT3gC6C8YDqjDq3wpFu5Mr7zrcNA9EXFBHg.zQ4I1evqdFj43K', 'helper5@lcc.com', 'David', 'Martin', 'Lincoln', null, 'helper', 'active');
INSERT INTO lcc_issue_tracker.users (user_id, username, password_hash, email, first_name, last_name, location, profile_image, role, status) VALUES (45, 'visitor1', '$2b$12$T5RVT3gC6C8YDqjDq3wpFu5Mr7zrcNA9EXFBHg.zQ4I1evqdFj43K', 'visitor1@example.com', 'James', 'Wilson', 'Omaha', null, 'visitor', 'active');
INSERT INTO lcc_issue_tracker.users (user_id, username, password_hash, email, first_name, last_name, location, profile_image, role, status) VALUES (46, 'visitor2', '$2b$12$T5RVT3gC6C8YDqjDq3wpFu5Mr7zrcNA9EXFBHg.zQ4I1evqdFj43K', 'visitor2@example.com', 'Mary', 'Taylor', 'Lincoln', null, 'visitor', 'active');
INSERT INTO lcc_issue_tracker.users (user_id, username, password_hash, email, first_name, last_name, location, profile_image, role, status) VALUES (47, 'visitor3', '$2b$12$T5RVT3gC6C8YDqjDq3wpFu5Mr7zrcNA9EXFBHg.zQ4I1evqdFj43K', 'visitor3@example.com', 'Robert', 'Brown', 'Lincoln', null, 'visitor', 'active');
INSERT INTO lcc_issue_tracker.users (user_id, username, password_hash, email, first_name, last_name, location, profile_image, role, status) VALUES (48, 'visitor4', '$2b$12$T5RVT3gC6C8YDqjDq3wpFu5Mr7zrcNA9EXFBHg.zQ4I1evqdFj43K', 'visitor4@example.com', 'Patricia', 'Jones', 'Omaha', null, 'visitor', 'active');
INSERT INTO lcc_issue_tracker.users (user_id, username, password_hash, email, first_name, last_name, location, profile_image, role, status) VALUES (49, 'visitor5', '$2b$12$T5RVT3gC6C8YDqjDq3wpFu5Mr7zrcNA9EXFBHg.zQ4I1evqdFj43K', 'visitor5@example.com', 'Michael', 'Miller', 'Lincoln', null, 'visitor', 'active');
INSERT INTO lcc_issue_tracker.users (user_id, username, password_hash, email, first_name, last_name, location, profile_image, role, status) VALUES (50, 'visitor6', '$2b$12$T5RVT3gC6C8YDqjDq3wpFu5Mr7zrcNA9EXFBHg.zQ4I1evqdFj43K', 'visitor6@example.com', 'Linda', 'Davis', 'Grand Island', null, 'visitor', 'active');
INSERT INTO lcc_issue_tracker.users (user_id, username, password_hash, email, first_name, last_name, location, profile_image, role, status) VALUES (51, 'visitor7', '$2b$12$T5RVT3gC6C8YDqjDq3wpFu5Mr7zrcNA9EXFBHg.zQ4I1evqdFj43K', 'visitor7@example.com', 'William', 'Garcia', 'Lincoln', null, 'visitor', 'active');
INSERT INTO lcc_issue_tracker.users (user_id, username, password_hash, email, first_name, last_name, location, profile_image, role, status) VALUES (52, 'visitor8', '$2b$12$T5RVT3gC6C8YDqjDq3wpFu5Mr7zrcNA9EXFBHg.zQ4I1evqdFj43K', 'visitor8@example.com', 'Elizabeth', 'Wilson', 'Omaha', null, 'visitor', 'active');
INSERT INTO lcc_issue_tracker.users (user_id, username, password_hash, email, first_name, last_name, location, profile_image, role, status) VALUES (53, 'visitor9', '$2b$12$T5RVT3gC6C8YDqjDq3wpFu5Mr7zrcNA9EXFBHg.zQ4I1evqdFj43K', 'visitor9@example.com', 'David', 'Anderson', 'Lincoln', null, 'visitor', 'active');
INSERT INTO lcc_issue_tracker.users (user_id, username, password_hash, email, first_name, last_name, location, profile_image, role, status) VALUES (54, 'visitor10', '$2b$12$T5RVT3gC6C8YDqjDq3wpFu5Mr7zrcNA9EXFBHg.zQ4I1evqdFj43K', 'visitor10@example.com', 'Jennifer', 'Thomas', 'Lincoln', null, 'visitor', 'active');
INSERT INTO lcc_issue_tracker.users (user_id, username, password_hash, email, first_name, last_name, location, profile_image, role, status) VALUES (55, 'visitor11', '$2b$12$T5RVT3gC6C8YDqjDq3wpFu5Mr7zrcNA9EXFBHg.zQ4I1evqdFj43K', 'visitor11@example.com', 'Joseph', 'Moore', 'Omaha', null, 'visitor', 'active');
INSERT INTO lcc_issue_tracker.users (user_id, username, password_hash, email, first_name, last_name, location, profile_image, role, status) VALUES (56, 'visitor12', '$2b$12$T5RVT3gC6C8YDqjDq3wpFu5Mr7zrcNA9EXFBHg.zQ4I1evqdFj43K', 'visitor12@example.com', 'Maria', 'Martin', 'Lincoln', null, 'visitor', 'active');
INSERT INTO lcc_issue_tracker.users (user_id, username, password_hash, email, first_name, last_name, location, profile_image, role, status) VALUES (57, 'visitor13', '$2b$12$T5RVT3gC6C8YDqjDq3wpFu5Mr7zrcNA9EXFBHg.zQ4I1evqdFj43K', 'visitor13@example.com', 'Charles', 'Lee', 'Grand Island', null, 'visitor', 'active');
INSERT INTO lcc_issue_tracker.users (user_id, username, password_hash, email, first_name, last_name, location, profile_image, role, status) VALUES (58, 'visitor14', '$2b$12$T5RVT3gC6C8YDqjDq3wpFu5Mr7zrcNA9EXFBHg.zQ4I1evqdFj43K', 'visitor14@example.com', 'Susan', 'White', 'Lincoln', null, 'visitor', 'active');
INSERT INTO lcc_issue_tracker.users (user_id, username, password_hash, email, first_name, last_name, location, profile_image, role, status) VALUES (59, 'visitor15', '$2b$12$T5RVT3gC6C8YDqjDq3wpFu5Mr7zrcNA9EXFBHg.zQ4I1evqdFj43K', 'visitor15@example.com', 'Thomas', 'Harris', 'Omaha', null, 'visitor', 'active');
INSERT INTO lcc_issue_tracker.users (user_id, username, password_hash, email, first_name, last_name, location, profile_image, role, status) VALUES (60, 'visitor16', '$2b$12$T5RVT3gC6C8YDqjDq3wpFu5Mr7zrcNA9EXFBHg.zQ4I1evqdFj43K', 'visitor16@example.com', 'Margaret', 'Clark', 'Lincoln', null, 'visitor', 'active');
INSERT INTO lcc_issue_tracker.users (user_id, username, password_hash, email, first_name, last_name, location, profile_image, role, status) VALUES (61, 'visitor17', '$2b$12$T5RVT3gC6C8YDqjDq3wpFu5Mr7zrcNA9EXFBHg.zQ4I1evqdFj43K', 'visitor17@example.com', 'Christopher', 'Lewis', 'Lincoln', null, 'visitor', 'active');
INSERT INTO lcc_issue_tracker.users (user_id, username, password_hash, email, first_name, last_name, location, profile_image, role, status) VALUES (62, 'visitor18', '$2b$12$T5RVT3gC6C8YDqjDq3wpFu5Mr7zrcNA9EXFBHg.zQ4I1evqdFj43K', 'visitor18@example.com', 'Jessica', 'Robinson', 'Grand Island', null, 'visitor', 'active');
INSERT INTO lcc_issue_tracker.users (user_id, username, password_hash, email, first_name, last_name, location, profile_image, role, status) VALUES (63, 'visitor19', '$2b$12$T5RVT3gC6C8YDqjDq3wpFu5Mr7zrcNA9EXFBHg.zQ4I1evqdFj43K', 'visitor19@example.com', 'Daniel', 'Walker', 'Lincoln', null, 'visitor', 'active');
INSERT INTO lcc_issue_tracker.users (user_id, username, password_hash, email, first_name, last_name, location, profile_image, role, status) VALUES (64, 'visitor20', '$2b$12$T5RVT3gC6C8YDqjDq3wpFu5Mr7zrcNA9EXFBHg.zQ4I1evqdFj43K', 'visitor20@example.com', 'Sarah', 'Hall', 'Omaha', null, 'visitor', 'active');
INSERT INTO lcc_issue_tracker.users (user_id, username, password_hash, email, first_name, last_name, location, profile_image, role, status) VALUES (65, 'Jialin', '$2b$12$T5RVT3gC6C8YDqjDq3wpFu5Mr7zrcNA9EXFBHg.zQ4I1evqdFj43K', 'testemail@gmail.com', 'Jialin', 'Liu', 'Christchurch,193', '', 'helper', 'active');
INSERT INTO lcc_issue_tracker.users (user_id, username, password_hash, email, first_name, last_name, location, profile_image, role, status) VALUES (66, 'Jialin01', '$2b$12$T5RVT3gC6C8YDqjDq3wpFu5Mr7zrcNA9EXFBHg.zQ4I1evqdFj43K', 'testemail1@gmail.com', 'Jialin', 'Liu', 'Christchurch,193', null, 'visitor', 'active');
INSERT INTO lcc_issue_tracker.users (user_id, username, password_hash, email, first_name, last_name, location, profile_image, role, status) VALUES (67, 'Jialin02', '$2b$12$T5RVT3gC6C8YDqjDq3wpFu5Mr7zrcNA9EXFBHg.zQ4I1evqdFj43K', 'testemail2@gmail.com', 'Jialin', 'Liu', 'China1', '', 'admin', 'active');
INSERT INTO lcc_issue_tracker.users (user_id, username, password_hash, email, first_name, last_name, location, profile_image, role, status) VALUES (68, 'Jialin03', '$2b$12$T5RVT3gC6C8YDqjDq3wpFu5Mr7zrcNA9EXFBHg.zQ4I1evqdFj43K', 'testemail3@gmail.com', 'Jialin', 'Liu', 'Jkl', null, 'admin', 'active');
INSERT INTO lcc_issue_tracker.users (user_id, username, password_hash, email, first_name, last_name, location, profile_image, role, status) VALUES (69, 'Jialin04', '$2b$12$T5RVT3gC6C8YDqjDq3wpFu5Mr7zrcNA9EXFBHg.zQ4I1evqdFj43K', 'testemail4@gmail.com', 'Jialin', 'Liu', 'Christchurch', null, 'visitor', 'active');
INSERT INTO lcc_issue_tracker.users (user_id, username, password_hash, email, first_name, last_name, location, profile_image, role, status) VALUES (70, 'Jialin05', '$2b$12$T5RVT3gC6C8YDqjDq3wpFu5Mr7zrcNA9EXFBHg.zQ4I1evqdFj43K', 'testemail5@gmail.com', 'Jialin', 'Liu', 'Christchurch', null, 'visitor', 'active');
INSERT INTO lcc_issue_tracker.users (user_id, username, password_hash, email, first_name, last_name, location, profile_image, role, status) VALUES (71, 'Jialin06', '$2b$12$T5RVT3gC6C8YDqjDq3wpFu5Mr7zrcNA9EXFBHg.zQ4I1evqdFj43K', 'testemail6@gmail.com', 'Jialin', 'Liu', 'Jkl', null, 'visitor', 'active');
INSERT INTO lcc_issue_tracker.users (user_id, username, password_hash, email, first_name, last_name, location, profile_image, role, status) VALUES (72, 'Jialin07', '$2b$12$T5RVT3gC6C8YDqjDq3wpFu5Mr7zrcNA9EXFBHg.zQ4I1evqdFj43K', 'testemail7@gmail.com', 'Jialin', 'Liu', 'Christchurch', null, 'visitor', 'active');
INSERT INTO lcc_issue_tracker.users (user_id, username, password_hash, email, first_name, last_name, location, profile_image, role, status) VALUES (73, 'Jialin09', '$2b$12$T5RVT3gC6C8YDqjDq3wpFu5Mr7zrcNA9EXFBHg.zQ4I1evqdFj43K', 'testemail8@gmail.com', 'Jialin', 'Liu', 'Christchurch', null, 'visitor', 'active');
INSERT INTO lcc_issue_tracker.users (user_id, username, password_hash, email, first_name, last_name, location, profile_image, role, status) VALUES (74, 'Jialin10', '$2b$12$T5RVT3gC6C8YDqjDq3wpFu5Mr7zrcNA9EXFBHg.zQ4I1evqdFj43K', 'testemail9@gmail.com', 'Jialin', 'Liu', 'China', null, 'visitor', 'active');
INSERT INTO lcc_issue_tracker.users (user_id, username, password_hash, email, first_name, last_name, location, profile_image, role, status) VALUES (75, 'Jialin11', '$2b$12$T5RVT3gC6C8YDqjDq3wpFu5Mr7zrcNA9EXFBHg.zQ4I1evqdFj43K', 'testemail10@gmail.com', 'Jialin', 'Liu', 'China', null, 'visitor', 'active');
INSERT INTO lcc_issue_tracker.users (user_id, username, password_hash, email, first_name, last_name, location, profile_image, role, status) VALUES (76, 'Jialin12', '$2b$12$T5RVT3gC6C8YDqjDq3wpFu5Mr7zrcNA9EXFBHg.zQ4I1evqdFj43K', 'testemail11@gmail.com', 'Jialin', 'Liu', 'China', null, 'visitor', 'active');
INSERT INTO lcc_issue_tracker.users (user_id, username, password_hash, email, first_name, last_name, location, profile_image, role, status) VALUES (77, 'Jialin13', '$2b$12$T5RVT3gC6C8YDqjDq3wpFu5Mr7zrcNA9EXFBHg.zQ4I1evqdFj43K', 'testemail12@gmail.com', 'Jialin', 'Liu', 'China', null, 'visitor', 'active');
INSERT INTO lcc_issue_tracker.users (user_id, username, password_hash, email, first_name, last_name, location, profile_image, role, status) VALUES (78, 'Jialin14', '$2b$12$T5RVT3gC6C8YDqjDq3wpFu5Mr7zrcNA9EXFBHg.zQ4I1evqdFj43K', 'testemail13@gmail.com', 'Jialin', 'Liu', 'Christchurch', null, 'visitor', 'inactive');
INSERT INTO lcc_issue_tracker.users (user_id, username, password_hash, email, first_name, last_name, location, profile_image, role, status) VALUES (79, 'Jialin15', '$2b$12$T5RVT3gC6C8YDqjDq3wpFu5Mr7zrcNA9EXFBHg.zQ4I1evqdFj43K', 'testemail14@gmail.com', 'Jialin', 'Liu', 'China', null, 'visitor', 'active');
INSERT INTO lcc_issue_tracker.users (user_id, username, password_hash, email, first_name, last_name, location, profile_image, role, status) VALUES (80, 'Jialin16', '$2b$12$T5RVT3gC6C8YDqjDq3wpFu5Mr7zrcNA9EXFBHg.zQ4I1evqdFj43K', 'testemail15@gmail.com', 'Jialin', 'Liu', 'China', null, 'visitor', 'active');
INSERT INTO lcc_issue_tracker.users (user_id, username, password_hash, email, first_name, last_name, location, profile_image, role, status) VALUES (81, 'Jialin17', '$2b$12$T5RVT3gC6C8YDqjDq3wpFu5Mr7zrcNA9EXFBHg.zQ4I1evqdFj43K', 'testemail16@gmail.com', 'Jialin', 'Liu', '123123qwe', null, 'visitor', 'active');
INSERT INTO lcc_issue_tracker.users (user_id, username, password_hash, email, first_name, last_name, location, profile_image, role, status) VALUES (82, 'Jialin18', '$2b$12$T5RVT3gC6C8YDqjDq3wpFu5Mr7zrcNA9EXFBHg.zQ4I1evqdFj43K', 'testemail17@gmail.com', 'Jialin', 'Liu', '123123qwe', null, 'visitor', 'active');
INSERT INTO lcc_issue_tracker.users (user_id, username, password_hash, email, first_name, last_name, location, profile_image, role, status) VALUES (83, 'Jialin19', '$2b$12$T5RVT3gC6C8YDqjDq3wpFu5Mr7zrcNA9EXFBHg.zQ4I1evqdFj43K', 'testemail18@gmail.com', 'Jialin', 'Liu', '123123qwe', null, 'visitor', 'active');
INSERT INTO lcc_issue_tracker.users (user_id, username, password_hash, email, first_name, last_name, location, profile_image, role, status) VALUES (84, 'Jialin20', '$2b$12$T5RVT3gC6C8YDqjDq3wpFu5Mr7zrcNA9EXFBHg.zQ4I1evqdFj43K', 'testemail19@gmail.com', 'Jialin', 'Liu', '123123qwe', null, 'visitor', 'active');
INSERT INTO lcc_issue_tracker.users (user_id, username, password_hash, email, first_name, last_name, location, profile_image, role, status) VALUES (85, 'Jialin21', '$2b$12$T5RVT3gC6C8YDqjDq3wpFu5Mr7zrcNA9EXFBHg.zQ4I1evqdFj43K', 'testemail20@gmail.com', 'Jialin', 'Liu', 'China', null, 'visitor', 'active');

-- issues
INSERT INTO lcc_issue_tracker.issues (issue_id, user_id, summary, description, created_at, status) VALUES (1, 45, 'Toilet Block B is clogged', 'The second toilet in Block B is clogged and unusable. Need immediate attention.', '2024-01-15 09:00:00', 'open');
INSERT INTO lcc_issue_tracker.issues (issue_id, user_id, summary, description, created_at, status) VALUES (2, 46, 'Wi-Fi not working in Area C', 'Cannot connect to Wi-Fi in the camping Area C since this morning. Tried multiple devices.', '2024-01-15 10:30:00', 'open');
INSERT INTO lcc_issue_tracker.issues (issue_id, user_id, summary, description, created_at, status) VALUES (3, 47, 'Solar charging station 2 malfunction', 'The charging station near spot 15 is not providing power to any devices.', '2024-01-16 11:20:00', 'open');
INSERT INTO lcc_issue_tracker.issues (issue_id, user_id, summary, description, created_at, status) VALUES (4, 48, 'Fire pit safety concern', 'The fire pit in zone 4 is missing its safety ring.', '2024-01-16 13:45:00', 'open');
INSERT INTO lcc_issue_tracker.issues (issue_id, user_id, summary, description, created_at, status) VALUES (5, 49, 'Shower water pressure low', 'The water pressure in shower room 2 is very low.', '2024-01-17 08:15:00', 'open');
INSERT INTO lcc_issue_tracker.issues (issue_id, user_id, summary, description, created_at, status) VALUES (6, 50, 'Broken picnic table', 'Picnic table near site 7 has a broken bench.', '2024-01-17 14:30:00', 'open');
INSERT INTO lcc_issue_tracker.issues (issue_id, user_id, summary, description, created_at, status) VALUES (7, 51, 'Trail markers faded', 'The trail markers on the nature trail are faded and hard to see.', '2024-01-18 09:45:00', 'open');
INSERT INTO lcc_issue_tracker.issues (issue_id, user_id, summary, description, created_at, status) VALUES (8, 52, 'Garbage overflow', 'The garbage bins near the entrance are overflowing.', '2024-01-18 16:20:00', 'new');
INSERT INTO lcc_issue_tracker.issues (issue_id, user_id, summary, description, created_at, status) VALUES (9, 53, 'Lost and found inquiry', 'Left a blue jacket at the common area yesterday.', '2024-01-19 10:00:00', 'new');
INSERT INTO lcc_issue_tracker.issues (issue_id, user_id, summary, description, created_at, status) VALUES (10, 54, 'Noisy generator', 'Campsite 12 is running a very loud generator past quiet hours.', '2024-01-19 22:30:00', 'new');
INSERT INTO lcc_issue_tracker.issues (issue_id, user_id, summary, description, created_at, status) VALUES (11, 55, 'Tree branch hazard', 'Large broken branch hanging over campsite 9.', '2024-01-20 07:15:00', 'new');
INSERT INTO lcc_issue_tracker.issues (issue_id, user_id, summary, description, created_at, status) VALUES (12, 56, 'Water spigot leak', 'Water spigot at site 20 is leaking continuously.', '2024-01-20 11:45:00', 'new');
INSERT INTO lcc_issue_tracker.issues (issue_id, user_id, summary, description, created_at, status) VALUES (13, 57, 'Missing recycling bin', 'Recycling bin at the central station is missing.', '2024-01-21 09:30:00', 'new');
INSERT INTO lcc_issue_tracker.issues (issue_id, user_id, summary, description, created_at, status) VALUES (14, 58, 'Playground equipment issue', 'Swing set making squeaking noise and needs maintenance.', '2024-01-21 13:20:00', 'new');
INSERT INTO lcc_issue_tracker.issues (issue_id, user_id, summary, description, created_at, status) VALUES (15, 59, 'Electric hookup problem', 'No power at electric hookup point for site 5.', '2024-01-22 10:15:00', 'new');
INSERT INTO lcc_issue_tracker.issues (issue_id, user_id, summary, description, created_at, status) VALUES (16, 60, 'Bathroom light out', 'Light bulb in mens bathroom needs replacement.', '2024-01-22 16:40:00', 'new');
INSERT INTO lcc_issue_tracker.issues (issue_id, user_id, summary, description, created_at, status) VALUES (17, 61, 'Camp store hours', 'Request to extend camp store hours on weekends.', '2024-01-23 11:25:00', 'new');
INSERT INTO lcc_issue_tracker.issues (issue_id, user_id, summary, description, created_at, status) VALUES (18, 62, 'Wildlife sighting', 'Large bear spotted near the dumpsters.', '2024-01-23 19:50:00', 'new');
INSERT INTO lcc_issue_tracker.issues (issue_id, user_id, summary, description, created_at, status) VALUES (19, 63, 'Internet speed', 'Wi-Fi extremely slow in the evening hours.', '2024-01-24 20:15:00', 'new');
INSERT INTO lcc_issue_tracker.issues (issue_id, user_id, summary, description, created_at, status) VALUES (20, 64, 'Campfire smoke issue', 'Excessive smoke from site 15 affecting neighboring campers.', '2024-01-24 21:30:00', 'new');
INSERT INTO lcc_issue_tracker.issues (issue_id, user_id, summary, description, created_at, status) VALUES (21, 65, 'Test', '123123', '2025-02-25 11:51:42', 'new');
INSERT INTO lcc_issue_tracker.issues (issue_id, user_id, summary, description, created_at, status) VALUES (22, 65, 'Test', '123123', '2025-02-25 11:53:02', 'new');
INSERT INTO lcc_issue_tracker.issues (issue_id, user_id, summary, description, created_at, status) VALUES (23, 65, 'aaa', 'sss', '2025-02-25 11:58:08', 'new');
INSERT INTO lcc_issue_tracker.issues (issue_id, user_id, summary, description, created_at, status) VALUES (24, 65, 'ccc', 'ccc', '2025-02-25 11:59:36', 'new');
INSERT INTO lcc_issue_tracker.issues (issue_id, user_id, summary, description, created_at, status) VALUES (25, 65, 'zza', 'asdasdasdaaaaaaaaaaaaaaaaaaaaaaaaaaaaaaaaaaaaaaaaa', '2025-02-25 12:04:48', 'new');
INSERT INTO lcc_issue_tracker.issues (issue_id, user_id, summary, description, created_at, status) VALUES (26, 66, 'Dashboard', 'This is a great question for me because I have been trying to figure out how to make', '2025-02-25 13:09:33', 'new');
INSERT INTO lcc_issue_tracker.issues (issue_id, user_id, summary, description, created_at, status) VALUES (27, 67, 'Test123', 'qweqweqweqweqweqweqweqweqweqweqweqweqweqweqweqweq1', '2025-02-26 09:58:49', 'new');
INSERT INTO lcc_issue_tracker.issues (issue_id, user_id, summary, description, created_at, status) VALUES (28, 67, 'new', 'asdasdasdasdasdasdaaaaaaaaaaaaaaaaaaaaaaaaaaaaaaaaaaaaaaaaaaaaaaaaaaaaaaaaaaaa', '2025-02-26 10:12:33', 'new');
INSERT INTO lcc_issue_tracker.issues (issue_id, user_id, summary, description, created_at, status) VALUES (29, 67, 'asdasdasd', 'asdddddddddddddddddddddddddddddddddddddddddddddddddddddddddddddddd', '2025-02-26 10:12:55', 'new');
INSERT INTO lcc_issue_tracker.issues (issue_id, user_id, summary, description, created_at, status) VALUES (30, 66, 'Test', '11111111111111111111111111111111111111111111111111111111111111111', '2025-02-26 11:04:25', 'new');
INSERT INTO lcc_issue_tracker.issues (issue_id, user_id, summary, description, created_at, status) VALUES (31, 66, '111', '1111111111', '2025-02-26 12:24:21', 'new');
INSERT INTO lcc_issue_tracker.issues (issue_id, user_id, summary, description, created_at, status) VALUES (32, 66, 'qpqp', 'Qpapapapqp', '2025-02-26 12:24:42', 'new');
INSERT INTO lcc_issue_tracker.issues (issue_id, user_id, summary, description, created_at, status) VALUES (33, 66, 'Oioioi', 'Oioioioioi', '2025-02-26 12:26:06', 'resolved');
INSERT INTO lcc_issue_tracker.issues (issue_id, user_id, summary, description, created_at, status) VALUES (34, 67, 'Issue01', 'test issue, test issue, test issue, test issue, test issue, test issue, test issue, test issue, test issue, test issue, test issue, test issue, test issue, test issue, test issue, test issue, test issue, test issue, test issue, test issue, test issue, test issue, test issue, test issue, test issue, test issue, test issue, test issue, test issue, test issue, test issue, test issue, test issue, test issue, test issue, test issue, test issue, test issue, test issue, test issue, test issue, test issue, test issue, test issue, test issue, test issue, test issue, test issue, test issue, test issue, test issue, test issue, test issue, test issue, test issue, test issue, test issue, test issue, test issue, test issue, test issue, test issue, test issue, test issue, test issue, test issue, test issue, test issue, test issue, test issue, test issue, test issue, test issue, test issue, test issue, test issue, test issue, test issue, test issue, test issue, test issue, test issue, test issue, test issue, test issue, test issue, test issue, test issue, test issue, test issue', '2025-03-02 22:34:58', 'new');
INSERT INTO lcc_issue_tracker.issues (issue_id, user_id, summary, description, created_at, status) VALUES (35, 67, 'issue02', 'test issue, test issue, test issue, test issue, test issue, test issue, test issue, test issue, test issue, test issue, test issue, test issue, test issue, test issue, test issue, test issue, test issue, test issue, test issue, test issue, test issue, test issue, test issue, test issue, test issue, test issue, test issue, test issue, test issue, test issue, test issue, test issue, test issue, test issue, test issue, test issue, test issue, test issue, test issue, test issue, test issue, test issue, test issue, test issue, test issue, test issue, test issue, test issue, test issue, test issue, test issue, test issue, test issue, test issue, test issue, test issue, test issue, test issue, test issue, test issue, test issue, test issue, test issue, test issue, test issue, test issue, test issue, test issue, test issue, test issue, test issue, test issue, test issue, test issue, test issue, test issue, test issue, test issue, test issue, test issue, test issue, test issue, test issue, test issue, test issue, test issue, test issue, test issue, test issue, test issuetest issue, test issue, test issue, test issue, test issue, test issue, test issue, test issue, test issue, test issue, test issue, test issue, test issue, test issue, test issue, test issue, test issue, test issue, test issue, test issue, test issue, test issue, test issue, test issue, test issue, test issue, test issue, test issue, test issue, test issue, test issue, test issue, test issue, test issue, test issue, test issue, test issue, test issue, test issue, test issue, test issue, test issue, test issue, test issue, test issue, test issue, test issue, test issue, test issue, test issue, test issue, test issue, test issue, test issue, test issue, test issue, test issue, test issue, test issue, test issue, test issue, test issue, test issue, test issue, test issue, test issue, test issue, test issue, test issue, test issue, test issue, test issue, test issue, test issue, test issue, test issue, test issue, test issue, test issue, test issue, test issue, test issue, test issue, test issue, test issue, test issue, test issue, test issue, test issue, test issue', '2025-03-02 22:35:12', 'new');
INSERT INTO lcc_issue_tracker.issues (issue_id, user_id, summary, description, created_at, status) VALUES (36, 67, 'issue03', 'test issue, test issue, test issue, test issue, test issue, test issue, test issue, test issue, test issue, test issue, test issue, test issue, test issue, test issue, test issue, test issue, test issue, test issue, test issue, test issue, test issue, test issue, test issue, test issue, test issue, test issue, test issue, test issue, test issue, test issue, test issue, test issue, test issue, test issue, test issue, test issue, test issue, test issue, test issue, test issue, test issue, test issue, test issue, test issue, test issue, test issue, test issue, test issue, test issue, test issue, test issue, test issue, test issue, test issue, test issue, test issue, test issue, test issue, test issue, test issue, test issue, test issue, test issue, test issue, test issue, test issue, test issue, test issue, test issue, test issue, test issue, test issue, test issue, test issue, test issue, test issue, test issue, test issue, test issue, test issue, test issue, test issue, test issue, test issue, test issue, test issue, test issue, test issue, test issue, test issue', '2025-03-02 22:35:19', 'stalled');
INSERT INTO lcc_issue_tracker.issues (issue_id, user_id, summary, description, created_at, status) VALUES (37, 67, 'issue04', 'test issue, test issue, test issue, test issue, test issue, test issue, test issue, test issue, test issue, test issue, test issue, test issue, test issue, test issue, test issue, test issue, test issue, test issue, test issue, test issue, test issue, test issue, test issue, test issue, test issue, test issue, test issue, test issue, test issue, test issue, test issue, test issue, test issue, test issue, test issue, test issue, test issue, test issue, test issue, test issue, test issue, test issue, test issue, test issue, test issue, test issue, test issue, test issue, test issue, test issue, test issue, test issue, test issue, test issue, test issue, test issue, test issue, test issue, test issue, test issue, test issue, test issue, test issue, test issue, test issue, test issue, test issue, test issue, test issue, test issue, test issue, test issue, test issue, test issue, test issue, test issue, test issue, test issue, test issue, test issue, test issue, test issue, test issue, test issue, test issue, test issue, test issue, test issue, test issue, test issuetest issue, test issue, test issue, test issue, test issue, test issue, test issue, test issue, test issue, test issue, test issue, test issue, test issue, test issue, test issue, test issue, test issue, test issue, test issue, test issue, test issue, test issue, test issue, test issue, test issue, test issue, test issue, test issue, test issue, test issue, test issue, test issue, test issue, test issue, test issue, test issue, test issue, test issue, test issue, test issue, test issue, test issue, test issue, test issue, test issue, test issue, test issue, test issue, test issue, test issue, test issue, test issue, test issue, test issue, test issue, test issue, test issue, test issue, test issue, test issue, test issue, test issue, test issue, test issue, test issue, test issue, test issue, test issue, test issue, test issue, test issue, test issue, test issue, test issue, test issue, test issue, test issue, test issue, test issue, test issue, test issue, test issue, test issue, test issue, test issue, test issue, test issue, test issue, test issue, test issuetest issue, test issue, test issue, test issue, test issue, test issue, test issue, test issue, test issue, test issue, test issue, test issue, test issue, test issue, test issue, test issue, test issue, test issue, test issue, test issue, test issue, test issue, test issue, test issue, test issue, test issue, test issue, test issue, test issue, test issue, test issue, test issue, test issue, test issue, test issue, test issue, test issue, test issue, test issue, test issue, test issue, test issue, test issue, test issue, test issue, test issue, test issue, test issue, test issue, test issue, test issue, test issue, test issue, test issue, test issue, test issue, test issue, test issue, test issue, test issue, test issue, test issue, test issue, test issue, test issue, test issue, test issue, test issue, test issue, test issue, test issue, test issue, test issue, test issue, test issue, test issue, test issue, test issue, test issue, test issue, test issue, test issue, test issue, test issue, test issue, test issue, test issue, test issue, test issue, test issuetest issue, test issue, test issue, test issue, test issue, test issue, test issue, test issue, test issue, test issue, test issue, test issue, test issue, test issue, test issue, test issue, test issue, test issue, test issue, test issue, test issue, test issue, test issue, test issue, test issue, test issue, test issue, test issue, test issue, test issue, test issue, test issue, test issue, test issue, test issue, test issue, test issue, test issue, test issue, test issue, test issue, test issue, test issue, test issue, test issue, test issue, test issue, test issue, test issue, test issue, test issue, test issue, test issue, test issue, test issue, test issue, test issue, test issue, test issue, test issue, test issue, test issue, test issue, test issue, test issue, test issue, test issue, test issue, test issue, test issue, test issue, test issue, test issue, test issue, test issue, test issue, test issue, test issue, test issue, test issue, test issue, test issue, test issue, test issue, test issue, test issue, test issue, test issue, test issue, test issue', '2025-03-02 22:35:26', 'open');
INSERT INTO lcc_issue_tracker.issues (issue_id, user_id, summary, description, created_at, status) VALUES (38, 67, 'issue05', 'test issue, test issue, test issue, test issue, test issue, test issue, test issue, test issue, test issue, test issue, test issue, test issue, test issue, test issue, test issue, test issue, test issue, test issue, test issue, test issue, test issue, test issue, test issue, test issue, test issue, test issue, test issue, test issue, test issue, test issue, test issue, test issue, test issue, test issue, test issue, test issue, test issue, test issue, test issue, test issue, test issue, test issue, test issue, test issue, test issue, test issue, test issue, test issue, test issue, test issue, test issue, test issue, test issue, test issue, test issue, test issue, test issue, test issue, test issue, test issue, test issue, test issue, test issue, test issue, test issue, test issue, test issue, test issue, test issue, test issue, test issue, test issue, test issue, test issue, test issue, test issue, test issue, test issue, test issue, test issue, test issue, test issue, test issue, test issue, test issue, test issue, test issue, test issue, test issue, test issuetest issue, test issue, test issue, test issue, test issue, test issue, test issue, test issue, test issue, test issue, test issue, test issue, test issue, test issue, test issue, test issue, test issue, test issue, test issue, test issue, test issue, test issue, test issue, test issue, test issue, test issue, test issue, test issue, test issue, test issue, test issue, test issue, test issue, test issue, test issue, test issue, test issue, test issue, test issue, test issue, test issue, test issue, test issue, test issue, test issue, test issue, test issue, test issue, test issue, test issue, test issue, test issue, test issue, test issue, test issue, test issue, test issue, test issue, test issue, test issue, test issue, test issue, test issue, test issue, test issue, test issue, test issue, test issue, test issue, test issue, test issue, test issue, test issue, test issue, test issue, test issue, test issue, test issue, test issue, test issue, test issue, test issue, test issue, test issue, test issue, test issue, test issue, test issue, test issue, test issuetest issue, test issue, test issue, test issue, test issue, test issue, test issue, test issue, test issue, test issue, test issue, test issue, test issue, test issue, test issue, test issue, test issue, test issue, test issue, test issue, test issue, test issue, test issue, test issue, test issue, test issue, test issue, test issue, test issue, test issue, test issue, test issue, test issue, test issue, test issue, test issue, test issue, test issue, test issue, test issue, test issue, test issue, test issue, test issue, test issue, test issue, test issue, test issue, test issue, test issue, test issue, test issue, test issue, test issue, test issue, test issue, test issue, test issue, test issue, test issue, test issue, test issue, test issue, test issue, test issue, test issue, test issue, test issue, test issue, test issue, test issue, test issue, test issue, test issue, test issue, test issue, test issue, test issue, test issue, test issue, test issue, test issue, test issue, test issue, test issue, test issue, test issue, test issue, test issue, test issuetest issue, test issue, test issue, test issue, test issue, test issue, test issue, test issue, test issue, test issue, test issue, test issue, test issue, test issue, test issue, test issue, test issue, test issue, test issue, test issue, test issue, test issue, test issue, test issue, test issue, test issue, test issue, test issue, test issue, test issue, test issue, test issue, test issue, test issue, test issue, test issue, test issue, test issue, test issue, test issue, test issue, test issue, test issue, test issue, test issue, test issue, test issue, test issue, test issue, test issue, test issue, test issue, test issue, test issue, test issue, test issue, test issue, test issue, test issue, test issue, test issue, test issue, test issue, test issue, test issue, test issue, test issue, test issue, test issue, test issue, test issue, test issue, test issue, test issue, test issue, test issue, test issue, test issue, test issue, test issue, test issue, test issue, test issue, test issue, test issue, test issue, test issue, test issue, test issue, test issuetest issue, test issue, test issue, test issue, test issue, test issue, test issue, test issue, test issue, test issue, test issue, test issue, test issue, test issue, test issue, test issue, test issue, test issue, test issue, test issue, test issue, test issue, test issue, test issue, test issue, test issue, test issue, test issue, test issue, test issue, test issue, test issue, test issue, test issue, test issue, test issue, test issue, test issue, test issue, test issue, test issue, test issue, test issue, test issue, test issue, test issue, test issue, test issue, test issue, test issue, test issue, test issue, test issue, test issue, test issue, test issue, test issue, test', '2025-03-02 22:35:35', 'stalled');


-- comments
INSERT INTO lcc_issue_tracker.comments (comment_id, issue_id, user_id, content, created_at) VALUES (21, 1, 40, 'I will check this today and arrange for maintenance.', '2024-01-15 09:30:00');
INSERT INTO lcc_issue_tracker.comments (comment_id, issue_id, user_id, content, created_at) VALUES (22, 1, 41, 'Maintenance team has been notified. Should be fixed by evening.', '2024-01-15 10:00:00');
INSERT INTO lcc_issue_tracker.comments (comment_id, issue_id, user_id, content, created_at) VALUES (23, 1, 45, 'Thank you for the quick response!', '2024-01-15 10:15:00');
INSERT INTO lcc_issue_tracker.comments (comment_id, issue_id, user_id, content, created_at) VALUES (24, 2, 42, 'Have you tried resetting the router? I will come check.', '2024-01-15 11:00:00');
INSERT INTO lcc_issue_tracker.comments (comment_id, issue_id, user_id, content, created_at) VALUES (25, 2, 46, 'Still not working after reset attempt.', '2024-01-15 11:30:00');
INSERT INTO lcc_issue_tracker.comments (comment_id, issue_id, user_id, content, created_at) VALUES (26, 3, 43, 'Technician scheduled for tomorrow morning.', '2024-01-16 11:30:00');
INSERT INTO lcc_issue_tracker.comments (comment_id, issue_id, user_id, content, created_at) VALUES (27, 3, 47, 'Great, thank you for the update.', '2024-01-16 11:45:00');
INSERT INTO lcc_issue_tracker.comments (comment_id, issue_id, user_id, content, created_at) VALUES (28, 5, 40, 'Plumber will be here within an hour.', '2024-01-17 09:00:00');
INSERT INTO lcc_issue_tracker.comments (comment_id, issue_id, user_id, content, created_at) VALUES (29, 6, 41, 'Will replace the bench tomorrow morning.', '2024-01-17 15:00:00');
INSERT INTO lcc_issue_tracker.comments (comment_id, issue_id, user_id, content, created_at) VALUES (30, 7, 42, 'New markers have been ordered.', '2024-01-18 10:00:00');
INSERT INTO lcc_issue_tracker.comments (comment_id, issue_id, user_id, content, created_at) VALUES (31, 8, 43, 'Extra pickup scheduled for this afternoon.', '2024-01-18 16:30:00');
INSERT INTO lcc_issue_tracker.comments (comment_id, issue_id, user_id, content, created_at) VALUES (32, 9, 40, 'Blue jacket found and stored in office.', '2024-01-19 10:30:00');
INSERT INTO lcc_issue_tracker.comments (comment_id, issue_id, user_id, content, created_at) VALUES (33, 9, 53, 'Thank you! Will pick it up today.', '2024-01-19 11:00:00');
INSERT INTO lcc_issue_tracker.comments (comment_id, issue_id, user_id, content, created_at) VALUES (34, 10, 41, 'Will speak with the campers about quiet hours.', '2024-01-19 22:45:00');
INSERT INTO lcc_issue_tracker.comments (comment_id, issue_id, user_id, content, created_at) VALUES (35, 11, 42, 'Tree service scheduled for tomorrow.', '2024-01-20 08:00:00');
INSERT INTO lcc_issue_tracker.comments (comment_id, issue_id, user_id, content, created_at) VALUES (36, 12, 43, 'Maintenance team notified about the leak.', '2024-01-20 12:00:00');
INSERT INTO lcc_issue_tracker.comments (comment_id, issue_id, user_id, content, created_at) VALUES (37, 15, 40, 'New swing parts ordered.', '2024-01-21 14:00:00');
INSERT INTO lcc_issue_tracker.comments (comment_id, issue_id, user_id, content, created_at) VALUES (38, 16, 41, 'Electrician en route to check the hookup.', '2024-01-22 10:30:00');
INSERT INTO lcc_issue_tracker.comments (comment_id, issue_id, user_id, content, created_at) VALUES (39, 18, 42, 'Wildlife control has been notified.', '2024-01-23 20:00:00');
INSERT INTO lcc_issue_tracker.comments (comment_id, issue_id, user_id, content, created_at) VALUES (40, 20, 43, 'Looking into adding a second Wi-Fi access point.', '2024-01-24 20:45:00');
INSERT INTO lcc_issue_tracker.comments (comment_id, issue_id, user_id, content, created_at) VALUES (290, 33, 67, 'Issue opened by Jialin02', '2025-03-02 22:54:00');
INSERT INTO lcc_issue_tracker.comments (comment_id, issue_id, user_id, content, created_at) VALUES (291, 33, 67, 'I will contact you tomorrow!', '2025-03-02 22:54:27');
INSERT INTO lcc_issue_tracker.comments (comment_id, issue_id, user_id, content, created_at) VALUES (292, 33, 67, 'Issue marked as stalled by Jialin02', '2025-03-02 22:54:38');
INSERT INTO lcc_issue_tracker.comments (comment_id, issue_id, user_id, content, created_at) VALUES (293, 33, 67, 'Issue opened by Jialin02', '2025-03-02 22:54:53');
INSERT INTO lcc_issue_tracker.comments (comment_id, issue_id, user_id, content, created_at) VALUES (294, 33, 67, 'Issue resolved by Jialin02', '2025-03-02 22:55:00');
INSERT INTO lcc_issue_tracker.comments (comment_id, issue_id, user_id, content, created_at) VALUES (295, 38, 67, 'Issue opened by Jialin02', '2025-03-02 22:55:12');
INSERT INTO lcc_issue_tracker.comments (comment_id, issue_id, user_id, content, created_at) VALUES (296, 37, 67, 'Issue opened by Jialin02', '2025-03-02 22:55:13');
INSERT INTO lcc_issue_tracker.comments (comment_id, issue_id, user_id, content, created_at) VALUES (297, 36, 67, 'Issue opened by Jialin02', '2025-03-02 22:55:14');
INSERT INTO lcc_issue_tracker.comments (comment_id, issue_id, user_id, content, created_at) VALUES (298, 36, 67, 'Issue marked as stalled by Jialin02', '2025-03-02 22:55:15');
INSERT INTO lcc_issue_tracker.comments (comment_id, issue_id, user_id, content, created_at) VALUES (299, 38, 67, 'Issue marked as stalled by Jialin02', '2025-03-02 22:55:17');
INSERT INTO lcc_issue_tracker.comments (comment_id, issue_id, user_id, content, created_at) VALUES (300, 7, 67, 'Issue opened by Jialin02', '2025-03-02 22:55:45');
INSERT INTO lcc_issue_tracker.comments (comment_id, issue_id, user_id, content, created_at) VALUES (301, 6, 67, 'Issue opened by Jialin02', '2025-03-02 22:55:49');
INSERT INTO lcc_issue_tracker.comments (comment_id, issue_id, user_id, content, created_at) VALUES (302, 5, 67, 'Issue opened by Jialin02', '2025-03-02 22:55:52');
INSERT INTO lcc_issue_tracker.comments (comment_id, issue_id, user_id, content, created_at) VALUES (303, 4, 67, 'Issue opened by Jialin02', '2025-03-02 22:55:54');
INSERT INTO lcc_issue_tracker.comments (comment_id, issue_id, user_id, content, created_at) VALUES (304, 3, 67, 'Issue opened by Jialin02', '2025-03-02 22:55:58');
INSERT INTO lcc_issue_tracker.comments (comment_id, issue_id, user_id, content, created_at) VALUES (305, 2, 67, 'Issue opened by Jialin02', '2025-03-02 22:56:01');
INSERT INTO lcc_issue_tracker.comments (comment_id, issue_id, user_id, content, created_at) VALUES (306, 1, 67, 'Issue opened by Jialin02', '2025-03-02 22:56:03');
